episodes,% time spent exploring,mean 100 episode reward,steps,reward
2,10,14.0,13,14.0
3,10,17.0,33,20.0
4,10,15.0,44,11.0
5,10,15.8,62,18.0
6,10,14.8,73,11.0
7,10,16.7,99,26.0
8,10,16.4,114,15.0
9,10,16.1,128,14.0
10,10,15.7,140,12.0
11,10,16.3,162,22.0
12,10,15.7,172,10.0
13,10,15.9,190,18.0
14,10,16.5,213,23.0
15,10,17.1,239,26.0
16,10,17.5,261,22.0
17,10,17.6,281,20.0
18,10,17.9,303,22.0
19,10,17.4,312,9.0
20,10,17.3,328,16.0
21,10,17.0,340,12.0
22,10,17.7,371,31.0
23,10,17.9,393,22.0
24,10,18.0,412,19.0
25,10,17.7,424,12.0
26,10,17.3,432,8.0
27,10,17.1,444,12.0
28,10,16.9,455,11.0
29,10,16.6,463,8.0
30,10,17.3,501,38.0
31,10,17.2,516,15.0
32,10,17.6,544,28.0
33,10,17.5,560,16.0
34,10,17.5,576,16.0
35,10,18.2,618,42.0
36,10,18.1,632,14.0
37,10,18.1,652,20.0
38,10,18.1,670,18.0
39,10,18.4,699,29.0
40,10,18.5,719,20.0
41,10,18.4,733,14.0
42,10,18.2,747,14.0
43,10,18.1,759,12.0
44,10,18.1,776,17.0
45,10,18.5,812,36.0
46,10,18.8,845,33.0
47,10,19.1,877,32.0
48,10,19.3,907,30.0
49,10,19.2,921,14.0
50,10,19.4,950,29.0
51,10,19.9,996,46.0
52,10,19.8,1009,13.0
53,10,19.6,1020,11.0
54,10,19.5,1030,10.0
55,10,19.3,1040,10.0
56,10,19.1,1049,9.0
57,10,19.1,1067,18.0
58,10,19.2,1091,24.0
59,10,19.4,1125,34.0
60,10,19.4,1143,18.0
61,10,19.3,1159,16.0
62,10,19.4,1180,21.0
63,10,19.3,1196,16.0
64,10,19.4,1223,27.0
65,10,19.7,1258,35.0
66,10,19.5,1267,9.0
67,10,19.4,1281,14.0
68,10,19.9,1335,54.0
69,10,19.8,1345,10.0
70,10,19.7,1355,10.0
71,10,19.6,1369,14.0
72,10,19.6,1392,23.0
73,10,19.5,1402,10.0
74,10,19.4,1413,11.0
75,10,19.2,1422,9.0
76,10,19.1,1435,13.0
77,10,19.1,1449,14.0
78,10,19.0,1461,12.0
79,10,18.9,1475,14.0
80,10,18.9,1490,15.0
81,10,18.8,1502,12.0
82,10,18.7,1511,9.0
83,10,18.9,1545,34.0
84,10,18.9,1569,24.0
85,10,18.9,1585,16.0
86,10,18.8,1599,14.0
87,10,18.7,1609,10.0
88,10,18.6,1620,11.0
89,10,18.5,1629,9.0
90,10,18.4,1639,10.0
91,10,18.3,1649,10.0
92,10,18.3,1660,11.0
93,10,18.2,1669,9.0
94,10,18.1,1680,11.0
95,10,18.0,1688,8.0
96,10,17.9,1697,9.0
97,10,17.8,1706,9.0
98,10,17.7,1717,11.0
99,10,17.7,1729,12.0
100,10,17.6,1739,10.0
101,10,17.5,1750,11.0
102,10,17.5,1761,11.0
103,10,17.4,1777,16.0
104,10,17.5,1791,14.0
105,10,17.4,1802,11.0
106,10,17.4,1811,9.0
107,10,17.2,1820,9.0
108,10,17.1,1828,8.0
109,10,17.1,1836,8.0
110,10,17.1,1846,10.0
111,10,16.9,1854,8.0
112,10,16.9,1865,11.0
113,10,16.8,1875,10.0
114,10,16.7,1887,12.0
115,10,16.6,1899,12.0
116,10,16.5,1910,11.0
117,10,16.4,1922,12.0
118,10,16.3,1931,9.0
119,10,16.3,1942,11.0
120,10,16.2,1952,10.0
121,10,16.2,1961,9.0
122,10,16.0,1970,9.0
123,10,15.9,1982,12.0
124,10,15.8,1992,10.0
125,10,15.8,2001,9.0
126,10,16.0,2030,29.0
127,10,16.0,2039,9.0
128,10,15.9,2048,9.0
129,10,16.0,2058,10.0
130,10,15.7,2068,10.0
131,10,15.6,2077,9.0
132,10,15.4,2088,11.0
133,10,15.4,2097,9.0
134,10,15.3,2106,9.0
135,10,15.0,2117,11.0
136,10,15.0,2128,11.0
137,10,14.9,2138,10.0
138,10,14.8,2146,8.0
139,10,14.6,2157,11.0
140,10,14.5,2169,12.0
141,10,14.5,2181,12.0
142,10,14.4,2192,11.0
143,10,14.4,2202,10.0
144,10,14.4,2215,13.0
145,10,14.1,2224,9.0
146,10,13.9,2234,10.0
147,10,13.7,2247,13.0
148,10,13.5,2256,9.0
149,10,13.5,2267,11.0
150,10,13.3,2277,10.0
151,10,12.9,2288,11.0
152,10,12.9,2297,9.0
153,10,12.9,2307,10.0
154,10,12.9,2316,9.0
155,10,12.8,2325,9.0
156,10,12.8,2334,9.0
157,10,12.8,2345,11.0
158,10,12.6,2355,10.0
159,10,12.4,2366,11.0
160,10,12.3,2375,9.0
161,10,12.3,2385,10.0
162,10,12.1,2394,9.0
163,10,12.1,2406,12.0
164,10,11.9,2416,10.0
165,10,11.7,2426,10.0
166,10,11.7,2436,10.0
167,10,11.6,2445,9.0
168,10,11.2,2454,9.0
169,10,11.2,2463,9.0
170,10,11.2,2474,11.0
171,10,11.2,2486,12.0
172,10,11.0,2494,8.0
173,10,11.0,2503,9.0
174,10,11.0,2514,11.0
175,10,11.0,2524,10.0
176,10,11.0,2534,10.0
177,10,11.0,2546,12.0
178,10,11.0,2556,10.0
179,10,10.9,2565,9.0
180,10,10.8,2574,9.0
181,10,10.8,2585,11.0
182,10,10.8,2596,11.0
183,10,10.6,2605,9.0
184,10,10.5,2615,10.0
185,10,10.4,2625,10.0
186,10,10.3,2633,8.0
187,10,10.4,2644,11.0
188,10,10.4,2655,11.0
189,10,10.4,2664,9.0
190,10,10.4,2674,10.0
191,10,10.4,2684,10.0
192,10,10.3,2692,8.0
193,10,10.3,2702,10.0
194,10,10.3,2710,8.0
195,10,10.3,2720,10.0
196,10,10.3,2729,9.0
197,10,10.3,2739,10.0
198,10,10.3,2747,8.0
199,10,10.3,2757,10.0
200,10,10.3,2765,8.0
201,10,10.2,2775,10.0
202,10,10.2,2785,10.0
203,10,10.2,2796,11.0
204,10,10.2,2807,11.0
205,10,10.2,2818,11.0
206,10,10.2,2827,9.0
207,10,10.2,2836,9.0
208,10,10.2,2845,9.0
209,10,10.2,2858,13.0
210,10,10.2,2866,8.0
211,10,10.2,2877,11.0
212,10,10.2,2886,9.0
213,10,10.2,2896,10.0
214,10,10.2,2904,8.0
215,10,10.1,2913,9.0
216,10,10.1,2923,10.0
217,10,10.1,2933,10.0
218,10,10.1,2944,11.0
219,10,10.1,2956,12.0
220,10,10.1,2966,10.0
221,10,10.2,2976,10.0
222,10,10.2,2986,10.0
223,10,10.1,2995,9.0
224,10,10.1,3006,11.0
225,10,10.2,3016,10.0
226,10,10.0,3025,9.0
227,10,10.0,3035,10.0
228,10,10.0,3044,9.0
229,10,10.0,3054,10.0
230,10,10.0,3067,13.0
231,10,10.0,3080,13.0
232,10,10.0,3090,10.0
233,10,10.1,3103,13.0
234,10,10.1,3116,13.0
235,10,10.1,3129,13.0
236,10,10.1,3139,10.0
237,10,10.1,3148,9.0
238,10,10.1,3158,10.0
239,10,11.4,3297,139.0
240,10,12.3,3396,99.0
241,10,12.3,3407,11.0
242,10,12.3,3418,11.0
243,10,12.3,3431,13.0
244,10,12.2,3440,9.0
245,10,12.3,3452,12.0
246,10,12.3,3461,9.0
247,10,12.3,3473,12.0
248,10,12.3,3485,12.0
249,10,12.9,3555,70.0
250,10,14.3,3711,156.0
251,10,14.7,3762,51.0
252,10,16.1,3907,145.0
253,10,17.4,4051,144.0
254,10,19.2,4234,183.0
255,10,21.1,4434,200.0
256,10,23.0,4634,200.0
257,10,24.4,4784,150.0
258,10,26.2,4973,189.0
259,10,28.1,5173,200.0
260,10,29.6,5333,160.0
261,10,30.8,5470,137.0
262,10,32.5,5642,172.0
263,10,33.7,5779,137.0
264,10,35.2,5940,161.0
265,10,36.8,6102,162.0
266,10,38.7,6302,200.0
267,10,40.6,6502,200.0
268,10,41.8,6639,137.0
269,10,43.4,6803,164.0
270,10,45.0,6972,169.0
271,10,46.9,7172,200.0
272,10,47.3,7224,52.0
273,10,49.0,7407,183.0
274,10,50.4,7552,145.0
275,10,52.0,7723,171.0
276,10,53.7,7902,179.0
277,10,55.2,8071,169.0
278,10,57.1,8270,199.0
279,10,59.0,8470,200.0
280,10,60.5,8628,158.0
281,10,62.0,8781,153.0
282,10,63.2,8914,133.0
283,10,65.1,9114,200.0
284,10,66.6,9271,157.0
285,10,68.0,9430,159.0
286,10,69.6,9589,159.0
287,10,69.9,9633,44.0
288,10,71.4,9793,160.0
289,10,73.3,9993,200.0
290,10,75.2,10189,196.0
291,10,77.0,10389,200.0
292,10,79.0,10589,200.0
293,10,80.6,10765,176.0
294,10,82.6,10965,200.0
295,10,84.0,11116,151.0
296,10,85.3,11261,145.0
297,10,86.6,11401,140.0
298,10,87.9,11540,139.0
299,10,89.1,11670,130.0
300,10,89.8,11743,73.0
301,10,90.9,11869,126.0
302,10,92.0,11988,119.0
303,10,93.1,12106,118.0
304,10,94.1,12216,110.0
305,10,95.3,12347,131.0
306,10,96.3,12461,114.0
307,10,97.4,12579,118.0
308,10,98.4,12687,108.0
309,10,99.4,12798,111.0
310,10,100.5,12917,119.0
311,10,101.6,13034,117.0
312,10,101.8,13065,31.0
313,10,102.0,13097,32.0
314,10,103.1,13216,119.0
315,10,104.2,13332,116.0
316,10,104.4,13364,32.0
317,10,105.1,13446,82.0
318,10,106.0,13546,100.0
319,10,106.8,13636,90.0
320,10,107.6,13723,87.0
321,10,107.7,13747,24.0
322,10,108.4,13828,81.0
323,10,109.4,13930,102.0
324,10,109.5,13960,30.0
325,10,110.1,14029,69.0
326,10,110.9,14112,83.0
327,10,110.9,14125,13.0
328,10,111.8,14228,103.0
329,10,112.0,14256,28.0
330,10,112.9,14355,99.0
331,10,113.0,14378,23.0
332,10,113.3,14422,44.0
333,10,113.3,14437,15.0
334,10,113.6,14472,35.0
335,10,113.7,14499,27.0
336,10,115.6,14699,200.0
337,10,116.5,14800,101.0
338,10,116.6,14822,22.0
339,10,115.6,14856,34.0
340,10,114.8,14874,18.0
341,10,115.1,14915,41.0
342,10,115.8,14994,79.0
343,10,116.5,15085,91.0
344,10,117.0,15135,50.0
345,10,117.8,15230,95.0
346,10,118.7,15327,97.0
347,10,119.4,15413,86.0
348,10,120.3,15517,104.0
349,10,120.7,15623,106.0
350,10,119.6,15666,43.0
351,10,119.2,15686,20.0
352,10,118.1,15718,32.0
353,10,116.9,15742,24.0
354,10,115.3,15764,22.0
355,10,113.5,15783,19.0
356,10,112.4,15877,94.0
357,10,112.0,15979,102.0
358,10,111.1,16082,103.0
359,10,110.1,16183,101.0
360,10,108.6,16194,11.0
361,10,107.6,16226,32.0
362,10,106.0,16240,14.0
363,10,104.8,16256,16.0
364,10,103.3,16274,18.0
365,10,102.0,16299,25.0
366,10,100.1,16315,16.0
367,10,98.3,16335,20.0
368,10,97.3,16367,32.0
369,10,95.8,16384,17.0
370,10,94.4,16407,23.0
371,10,93.4,16511,104.0
372,10,93.0,16529,18.0
373,10,91.4,16545,16.0
374,10,90.1,16559,14.0
375,10,88.6,16582,23.0
376,10,87.0,16605,23.0
377,10,85.5,16625,20.0
378,10,84.5,16719,94.0
379,10,83.5,16819,100.0
380,10,82.1,16837,18.0
381,10,80.8,16865,28.0
382,10,79.7,16886,21.0
383,10,78.0,16910,24.0
384,10,76.6,16930,20.0
385,10,75.2,16955,25.0
386,10,73.9,16975,20.0
387,10,73.6,16998,23.0
388,10,73.1,17103,105.0
389,10,71.3,17127,24.0
390,10,70.7,17255,128.0
391,10,68.9,17275,20.0
392,10,67.1,17298,23.0
393,10,65.6,17328,30.0
394,10,63.8,17347,19.0
395,10,62.7,17383,36.0
396,10,61.5,17410,27.0
397,10,60.4,17436,26.0
398,10,59.8,17521,85.0
399,10,59.1,17578,57.0
400,10,60.4,17778,200.0
401,10,59.5,17818,40.0
402,10,59.6,17948,130.0
403,10,59.6,18066,118.0
404,10,59.0,18121,55.0
405,10,58.0,18145,24.0
406,10,57.1,18173,28.0
407,10,56.0,18184,11.0
408,10,55.2,18206,22.0
409,10,55.1,18307,101.0
410,10,54.2,18337,30.0
411,10,53.2,18350,13.0
412,10,53.8,18445,95.0
413,10,54.0,18500,55.0
414,10,53.1,18525,25.0
415,10,52.0,18534,9.0
416,10,51.9,18555,21.0
417,10,51.3,18572,17.0
418,10,50.6,18602,30.0
419,10,49.8,18619,17.0
420,10,49.1,18631,12.0
421,10,49.0,18649,18.0
422,10,48.4,18669,20.0
423,10,47.6,18692,23.0
424,10,47.5,18707,15.0
425,10,47.0,18732,25.0
426,10,46.4,18748,16.0
427,10,46.3,18759,11.0
428,10,45.5,18775,16.0
429,10,45.4,18798,23.0
430,10,45.5,18903,105.0
431,10,45.8,18953,50.0
432,10,45.4,18967,14.0
433,10,45.4,18982,15.0
434,10,45.3,19004,22.0
435,10,46.5,19149,145.0
436,10,44.8,19181,32.0
437,10,44.0,19204,23.0
438,10,44.2,19237,33.0
439,10,45.0,19352,115.0
440,10,45.0,19372,20.0
441,10,44.7,19384,12.0
442,10,44.1,19400,16.0
443,10,44.1,19499,99.0
444,10,43.9,19523,24.0
445,10,43.1,19544,21.0
446,10,42.8,19606,62.0
447,10,42.2,19630,24.0
448,10,41.3,19648,18.0
449,10,40.5,19676,28.0
450,10,40.4,19710,34.0
451,10,40.4,19725,15.0
452,10,40.2,19742,17.0
453,10,40.3,19771,29.0
454,10,40.3,19792,21.0
455,10,40.3,19812,20.0
456,10,39.5,19829,17.0
457,10,38.7,19850,21.0
458,10,38.7,19948,98.0
459,10,37.9,19970,22.0
460,10,38.1,20000,30.0
461,10,37.9,20017,17.0
462,10,38.8,20123,106.0
463,10,39.7,20224,101.0
464,10,39.6,20235,11.0
465,10,39.6,20261,26.0
466,10,40.6,20370,109.0
467,10,40.7,20401,31.0
468,10,41.2,20489,88.0
469,10,42.3,20613,124.0
470,10,43.2,20729,116.0
471,10,43.2,20834,105.0
472,10,44.0,20926,92.0
473,10,44.7,21011,85.0
474,10,44.7,21029,18.0
475,10,44.6,21047,18.0
476,10,44.7,21072,25.0
477,10,44.7,21096,24.0
478,10,43.9,21110,14.0
479,10,43.0,21121,11.0
480,10,43.0,21136,15.0
481,10,42.9,21154,18.0
482,10,42.8,21171,17.0
483,10,42.8,21186,15.0
484,10,42.8,21205,19.0
485,10,42.7,21222,17.0
486,10,42.6,21235,13.0
487,10,42.6,21255,20.0
488,10,41.8,21278,23.0
489,10,41.7,21295,17.0
490,10,40.6,21313,18.0
491,10,40.5,21328,15.0
492,10,40.5,21351,23.0
493,10,40.4,21373,22.0
494,10,40.5,21395,22.0
495,10,40.3,21410,15.0
496,10,40.1,21424,14.0
497,10,40.1,21443,19.0
498,10,39.4,21460,17.0
499,10,39.0,21477,17.0
500,10,37.1,21492,15.0
501,10,36.9,21510,18.0
502,10,35.8,21525,15.0
503,10,34.7,21539,14.0
504,10,34.3,21552,13.0
505,10,34.2,21565,13.0
506,10,34.9,21665,100.0
507,10,35.0,21683,18.0
508,10,34.9,21698,15.0
509,10,34.1,21718,20.0
510,10,34.0,21735,17.0
511,10,34.0,21755,20.0
512,10,33.2,21770,15.0
513,10,32.8,21783,13.0
514,10,32.8,21806,23.0
515,10,32.9,21823,17.0
516,10,32.8,21833,10.0
517,10,32.8,21847,14.0
518,10,32.6,21867,20.0
519,10,32.7,21886,19.0
520,10,32.7,21901,15.0
521,10,32.7,21916,15.0
522,10,32.6,21933,17.0
523,10,32.6,21948,15.0
524,10,32.5,21961,13.0
525,10,32.5,21978,17.0
526,10,32.4,21992,14.0
527,10,32.5,22007,15.0
528,10,32.5,22024,17.0
529,10,32.4,22037,13.0
530,10,31.5,22053,16.0
531,10,31.2,22068,15.0
532,10,31.1,22081,13.0
533,10,31.2,22101,20.0
534,10,31.2,22119,18.0
535,10,29.8,22132,13.0
536,10,29.6,22145,13.0
537,10,29.6,22160,15.0
538,10,29.4,22173,13.0
539,10,28.4,22192,19.0
540,10,28.5,22220,28.0
541,10,28.6,22239,19.0
542,10,29.4,22341,102.0
543,10,28.7,22369,28.0
544,10,28.6,22387,18.0
545,10,28.6,22408,21.0
546,10,28.2,22423,15.0
547,10,28.2,22449,26.0
548,10,28.2,22470,21.0
549,10,28.2,22491,21.0
550,10,28.9,22598,107.0
551,10,28.9,22613,15.0
552,10,28.9,22636,23.0
553,10,28.8,22651,15.0
554,10,28.8,22669,18.0
555,10,28.7,22684,15.0
556,10,28.7,22701,17.0
557,10,28.7,22721,20.0
558,10,27.9,22739,18.0
559,10,27.8,22755,16.0
560,10,27.7,22768,13.0
561,10,27.7,22791,23.0
562,10,27.6,22882,91.0
563,10,26.9,22914,32.0
564,10,27.0,22938,24.0
565,10,27.1,22969,31.0
566,10,26.2,22985,16.0
567,10,26.0,23002,17.0
568,10,26.1,23098,96.0
569,10,25.8,23192,94.0
570,10,25.8,23309,117.0
571,10,25.0,23336,27.0
572,10,25.2,23444,108.0
573,10,24.5,23458,14.0
574,10,25.4,23568,110.0
575,10,26.3,23679,111.0
576,10,27.1,23779,100.0
577,10,27.8,23881,102.0
578,10,29.0,24014,133.0
579,10,30.1,24128,114.0
580,10,31.0,24231,103.0
581,10,31.7,24324,93.0
582,10,32.5,24418,94.0
583,10,33.3,24515,97.0
584,10,34.0,24609,94.0
585,10,34.8,24702,93.0
586,10,35.6,24794,92.0
587,10,36.1,24869,75.0
588,10,36.2,24899,30.0
589,10,37.1,25001,102.0
590,10,37.0,25011,10.0
591,10,37.5,25082,71.0
592,10,38.1,25158,76.0
593,10,38.8,25256,98.0
594,10,39.3,25329,73.0
595,10,39.4,25353,24.0
596,10,40.0,25429,76.0
597,10,40.8,25526,97.0
598,10,41.6,25622,96.0
599,10,42.2,25694,72.0
600,10,42.1,25705,11.0
601,10,42.8,25788,83.0
602,10,43.7,25898,110.0
603,10,43.7,25912,14.0
604,10,44.6,26011,99.0
605,10,45.5,26115,104.0
606,10,45.6,26224,109.0
607,10,45.9,26277,53.0
608,10,46.2,26320,43.0
609,10,47.0,26422,102.0
610,10,47.9,26522,100.0
611,10,47.9,26544,22.0
612,10,48.2,26594,50.0
613,10,49.0,26686,92.0
614,10,48.9,26699,13.0
615,10,49.6,26783,84.0
616,10,49.6,26797,14.0
617,10,49.6,26809,12.0
618,10,50.4,26906,97.0
619,10,51.1,26998,92.0
620,10,51.1,27010,12.0
621,10,51.1,27022,12.0
622,10,51.8,27117,95.0
623,10,51.8,27130,13.0
624,10,52.5,27211,81.0
625,10,53.0,27281,70.0
626,10,53.6,27353,72.0
627,10,54.2,27428,75.0
628,10,54.4,27469,41.0
629,10,54.4,27482,13.0
630,10,55.0,27553,71.0
631,10,55.6,27629,76.0
632,10,56.4,27724,95.0
633,10,57.0,27800,76.0
634,10,57.3,27848,48.0
635,10,57.8,27915,67.0
636,10,58.4,27989,74.0
637,10,59.3,28086,97.0
638,10,60.1,28183,97.0
639,10,60.6,28257,74.0
640,10,61.4,28361,104.0
641,10,61.9,28433,72.0
642,10,61.7,28509,76.0
643,10,62.5,28616,107.0
644,10,62.9,28681,65.0
645,10,63.4,28745,64.0
646,10,63.4,28760,15.0
647,10,63.9,28836,76.0
648,10,64.5,28918,82.0
649,10,65.1,29003,85.0
650,10,65.4,29139,136.0
651,10,66.4,29258,119.0
652,10,67.4,29372,114.0
653,10,68.3,29479,107.0
654,10,68.9,29559,80.0
655,10,69.8,29662,103.0
656,10,70.6,29756,94.0
657,10,70.7,29790,34.0
658,10,70.6,29803,13.0
659,10,71.3,29882,79.0
660,10,72.3,29994,112.0
661,10,73.0,30093,99.0
662,10,73.1,30195,102.0
663,10,73.8,30290,95.0
664,10,74.5,30389,99.0
665,10,74.9,30461,72.0
666,10,75.6,30541,80.0
667,10,75.8,30584,43.0
668,10,75.6,30657,73.0
669,10,75.3,30721,64.0
670,10,74.2,30733,12.0
671,10,75.0,30831,98.0
672,10,74.4,30881,50.0
673,10,74.4,30893,12.0
674,10,73.4,30903,10.0
675,10,72.8,30958,55.0
676,10,71.9,30972,14.0
677,10,71.5,31031,59.0
678,10,70.3,31042,11.0
679,10,69.8,31103,61.0
680,10,69.2,31152,49.0
681,10,69.2,31243,91.0
682,10,69.0,31321,78.0
683,10,68.7,31384,63.0
684,10,68.3,31438,54.0
685,10,67.9,31490,52.0
686,10,67.1,31502,12.0
687,10,67.1,31579,77.0
688,10,67.5,31650,71.0
689,10,67.3,31729,79.0
690,10,67.4,31750,21.0
691,10,67.6,31838,88.0
692,10,67.5,31908,70.0
693,10,67.3,31990,82.0
694,10,67.0,32027,37.0
695,10,67.0,32051,24.0
696,10,67.4,32170,119.0
697,10,67.7,32295,125.0
698,10,67.8,32402,107.0
699,10,68.0,32497,95.0
700,10,69.0,32602,105.0
701,10,69.1,32702,100.0
702,10,69.0,32794,92.0
703,10,68.9,32805,11.0
704,10,68.1,32819,14.0
705,10,68.1,32923,104.0
706,10,68.1,33036,113.0
707,10,68.4,33118,82.0
708,10,68.7,33191,73.0
709,10,67.8,33204,13.0
710,10,66.9,33215,11.0
711,10,67.6,33299,84.0
712,10,67.4,33339,40.0
713,10,67.1,33392,53.0
714,10,67.4,33443,51.0
715,10,66.7,33457,14.0
716,10,67.6,33559,102.0
717,10,68.4,33647,88.0
718,10,68.1,33712,65.0
719,10,68.3,33824,112.0
720,10,68.3,33839,15.0
721,10,68.3,33851,12.0
722,10,68.4,33952,101.0
723,10,68.4,33965,13.0
724,10,68.5,34062,97.0
725,10,68.9,34175,113.0
726,10,69.1,34260,85.0
727,10,68.7,34299,39.0
728,10,68.6,34334,35.0
729,10,69.3,34416,82.0
730,10,69.8,34538,122.0
731,10,69.8,34610,72.0
732,10,69.5,34671,61.0
733,10,70.1,34811,140.0
734,10,71.0,34946,135.0
735,10,71.7,35081,135.0
736,10,72.1,35195,114.0
737,10,72.2,35311,116.0
738,10,71.8,35363,52.0
739,10,71.6,35420,57.0
740,10,71.8,35537,117.0
741,10,72.0,35629,92.0
742,10,72.1,35723,94.0
743,10,71.2,35736,13.0
744,10,71.6,35846,110.0
745,10,72.5,35998,152.0
746,10,73.0,36063,65.0
747,10,73.1,36150,87.0
748,10,72.9,36211,61.0
749,10,72.7,36277,66.0
750,10,72.3,36371,94.0
751,10,71.7,36427,56.0
752,10,70.8,36454,27.0
753,10,70.6,36540,86.0
754,10,70.7,36629,89.0
755,10,70.8,36739,110.0
756,10,70.6,36817,78.0
757,10,71.2,36909,92.0
758,10,71.8,36986,77.0
759,10,71.8,37064,78.0
760,10,71.5,37142,78.0
761,10,70.9,37182,40.0
762,10,70.7,37263,81.0
763,10,70.6,37348,85.0
764,10,70.1,37403,55.0
765,10,70.3,37488,85.0
766,10,69.9,37531,43.0
767,10,70.3,37616,85.0
768,10,70.5,37703,87.0
769,10,70.7,37787,84.0
770,10,70.8,37813,26.0
771,10,69.9,37825,12.0
772,10,70.2,37905,80.0
773,10,70.8,37978,73.0
774,10,71.6,38062,84.0
775,10,72.1,38169,107.0
776,10,72.9,38260,91.0
777,10,73.1,38345,85.0
778,10,73.8,38427,82.0
779,10,74.7,38577,150.0
780,10,76.2,38773,196.0
781,10,77.3,38973,200.0
782,10,77.6,39077,104.0
783,10,77.8,39165,88.0
784,10,78.5,39287,122.0
785,10,79.1,39401,114.0
786,10,80.0,39499,98.0
787,10,80.5,39632,133.0
788,10,81.1,39762,130.0
789,10,81.2,39850,88.0
790,10,81.9,39941,91.0
791,10,82.1,40047,106.0
792,10,82.2,40123,76.0
793,10,82.3,40220,97.0
794,10,82.9,40318,98.0
795,10,83.5,40398,80.0
796,10,83.4,40511,113.0
797,10,84.2,40711,200.0
798,10,85.1,40911,200.0
799,10,86.1,41111,200.0
800,10,87.1,41311,200.0
801,10,86.8,41386,75.0
802,10,87.2,41513,127.0
803,10,87.8,41589,76.0
804,10,88.3,41646,57.0
805,10,87.4,41663,17.0
806,10,87.0,41740,77.0
807,10,87.0,41819,79.0
808,10,86.5,41841,22.0
809,10,86.6,41869,28.0
810,10,87.4,41951,82.0
811,10,87.0,41999,48.0
812,10,87.3,42071,72.0
813,10,87.1,42104,33.0
814,10,86.9,42132,28.0
815,10,87.4,42196,64.0
816,10,87.1,42267,71.0
817,10,86.6,42308,41.0
818,10,86.7,42384,76.0
819,10,86.3,42455,71.0
820,10,86.8,42524,69.0
821,10,87.5,42598,74.0
822,10,87.1,42661,63.0
823,10,87.8,42750,89.0
824,10,87.6,42821,71.0
825,10,87.1,42882,61.0
826,10,86.6,42918,36.0
827,10,86.9,42993,75.0
828,10,87.4,43077,84.0
829,10,87.3,43146,69.0
830,10,86.6,43193,47.0
831,10,86.6,43266,73.0
832,10,86.5,43318,52.0
833,10,85.8,43394,76.0
834,10,85.1,43452,58.0
835,10,84.3,43511,59.0
836,10,83.3,43527,16.0
837,10,82.7,43580,53.0
838,10,82.7,43634,54.0
839,10,82.4,43661,27.0
840,10,81.8,43713,52.0
841,10,81.4,43765,52.0
842,10,80.6,43788,23.0
843,10,80.9,43828,40.0
844,10,80.4,43890,62.0
845,10,79.5,43948,58.0
846,10,79.3,43992,44.0
847,10,78.5,44004,12.0
848,10,78.0,44014,10.0
849,10,78.0,44075,61.0
850,10,77.7,44143,68.0
851,10,77.3,44161,18.0
852,10,77.9,44245,84.0
853,10,77.6,44305,60.0
854,10,77.4,44366,61.0
855,10,77.0,44444,78.0
856,10,76.8,44494,50.0
857,10,76.6,44569,75.0
858,10,76.5,44636,67.0
859,10,76.3,44697,61.0
860,10,76.4,44782,85.0
861,10,76.8,44859,77.0
862,10,76.8,44944,85.0
863,10,76.8,45032,88.0
864,10,76.5,45054,22.0
865,10,76.5,45136,82.0
866,10,76.4,45168,32.0
867,10,76.3,45244,76.0
868,10,75.5,45257,13.0
869,10,75.4,45328,71.0
870,10,75.3,45345,17.0
871,10,75.3,45356,11.0
872,10,74.7,45372,16.0
873,10,74.8,45455,83.0
874,10,74.1,45474,19.0
875,10,74.1,45576,102.0
876,10,75.2,45776,200.0
877,10,75.4,45882,106.0
878,10,75.3,45961,79.0
879,10,74.3,46011,50.0
880,10,73.1,46085,74.0
881,10,71.9,46160,75.0
882,10,71.9,46266,106.0
883,10,71.9,46358,92.0
884,10,71.5,46439,81.0
885,10,71.1,46509,70.0
886,10,71.0,46598,89.0
887,10,70.8,46709,111.0
888,10,70.2,46783,74.0
889,10,70.1,46864,81.0
890,10,70.1,46950,86.0
891,10,70.2,47062,112.0
892,10,70.3,47150,88.0
893,10,70.1,47230,80.0
894,10,69.9,47309,79.0
895,10,70.0,47397,88.0
896,10,69.6,47472,75.0
897,10,68.6,47570,98.0
898,10,67.9,47705,135.0
899,10,66.9,47798,93.0
900,10,66.9,47998,200.0
901,10,67.3,48114,116.0
902,10,67.2,48229,115.0
903,10,67.4,48333,104.0
904,10,67.8,48426,93.0
905,10,68.8,48539,113.0
906,10,69.0,48638,99.0
907,10,68.8,48703,65.0
908,10,68.8,48720,17.0
909,10,69.3,48796,76.0
910,10,69.2,48871,75.0
911,10,69.5,48946,75.0
912,10,69.6,49035,89.0
913,10,71.3,49235,200.0
914,10,71.9,49321,86.0
915,10,73.2,49521,200.0
916,10,73.6,49631,110.0
917,10,75.2,49831,200.0
918,10,75.6,49949,118.0
919,10,75.7,50024,75.0
920,10,75.5,50078,54.0
921,10,75.7,50169,91.0
922,10,76.2,50276,107.0
923,10,75.7,50324,48.0
924,10,75.7,50388,64.0
925,10,75.7,50452,64.0
926,10,75.4,50462,10.0
927,10,75.6,50548,86.0
928,10,75.6,50636,88.0
929,10,76.2,50765,129.0
930,10,77.0,50897,132.0
931,10,77.8,51042,145.0
932,10,78.0,51116,74.0
933,10,77.9,51180,64.0
934,10,77.5,51205,25.0
935,10,78.9,51405,200.0
936,10,80.3,51553,148.0
937,10,81.3,51707,154.0
938,10,82.7,51907,200.0
939,10,83.8,52041,134.0
940,10,85.1,52223,182.0
941,10,86.2,52384,161.0
942,10,86.6,52446,62.0
943,10,87.0,52531,85.0
944,10,88.4,52731,200.0
945,10,89.8,52931,200.0
946,10,90.9,53084,153.0
947,10,92.0,53201,117.0
948,10,92.4,53259,58.0
949,10,92.4,53314,55.0
950,10,92.3,53374,60.0
951,10,92.4,53401,27.0
952,10,91.9,53436,35.0
953,10,92.0,53501,65.0
954,10,92.0,53566,65.0
955,10,92.0,53639,73.0
956,10,92.1,53705,66.0
957,10,92.8,53854,149.0
958,10,92.6,53901,47.0
959,10,92.4,53938,37.0
960,10,92.9,54073,135.0
961,10,93.9,54250,177.0
962,10,93.7,54315,65.0
963,10,94.6,54491,176.0
964,10,94.9,54542,51.0
965,10,94.3,54564,22.0
966,10,95.3,54698,134.0
967,10,96.2,54867,169.0
968,10,96.7,54926,59.0
969,10,96.4,54967,41.0
970,10,97.6,55109,142.0
971,10,97.6,55121,12.0
972,10,97.7,55142,21.0
973,10,98.3,55285,143.0
974,10,99.3,55407,122.0
975,10,98.6,55432,25.0
976,10,97.0,55472,40.0
977,10,97.3,55609,137.0
978,10,97.3,55693,84.0
979,10,98.0,55811,118.0
980,10,97.4,55829,18.0
981,10,98.4,55997,168.0
982,10,98.5,56115,118.0
983,10,99.1,56272,157.0
984,10,99.7,56405,133.0
985,10,100.7,56580,175.0
986,10,100.0,56597,17.0
987,10,100.9,56797,200.0
988,10,100.4,56818,21.0
989,10,101.2,56986,168.0
990,10,102.4,57186,200.0
991,10,103.2,57386,200.0
992,10,102.5,57398,12.0
993,10,101.8,57413,15.0
994,10,101.2,57425,12.0
995,10,101.0,57496,71.0
996,10,100.4,57514,18.0
997,10,101.4,57714,200.0
998,10,102.1,57914,200.0
999,10,102.8,58082,168.0
1000,10,101.1,58107,25.0
1001,10,101.9,58307,200.0
1002,10,102.8,58507,200.0
1003,10,103.7,58707,200.0
1004,10,104.8,58907,200.0
1005,10,105.7,59107,200.0
1006,10,106.7,59307,200.0
1007,10,108.0,59507,200.0
1008,10,109.9,59707,200.0
1009,10,111.1,59907,200.0
1010,10,112.4,60107,200.0
1011,10,113.6,60307,200.0
1012,10,113.8,60414,107.0
1013,10,113.8,60614,200.0
1014,10,114.9,60814,200.0
1015,10,114.9,61014,200.0
1016,10,114.9,61122,108.0
1017,10,113.5,61183,61.0
1018,10,114.3,61383,200.0
1019,10,115.6,61583,200.0
1020,10,117.0,61783,200.0
1021,10,118.1,61983,200.0
1022,10,117.8,62054,71.0
1023,10,118.0,62129,75.0
1024,10,118.5,62240,111.0
1025,10,119.9,62440,200.0
1026,10,120.1,62471,31.0
1027,10,121.2,62671,200.0
1028,10,122.4,62871,200.0
1029,10,123.1,63071,200.0
1030,10,123.7,63271,200.0
1031,10,124.0,63444,173.0
1032,10,125.2,63641,197.0
1033,10,125.6,63737,96.0
1034,10,127.3,63937,200.0
1035,10,127.3,64137,200.0
1036,10,127.0,64251,114.0
1037,10,127.4,64451,200.0
1038,10,126.5,64561,110.0
1039,10,127.0,64738,177.0
1040,10,127.2,64938,200.0
1041,10,126.8,65069,131.0
1042,10,126.4,65083,14.0
1043,10,126.9,65220,137.0
1044,10,126.2,65351,131.0
1045,10,126.2,65551,200.0
1046,10,124.8,65563,12.0
1047,10,123.8,65576,13.0
1048,10,123.3,65587,11.0
1049,10,122.9,65607,20.0
1050,10,124.3,65807,200.0
1051,10,124.2,65825,18.0
1052,10,125.9,66025,200.0
1053,10,125.4,66041,16.0
1054,10,124.9,66057,16.0
1055,10,125.4,66176,119.0
1056,10,124.8,66190,14.0
1057,10,123.5,66206,16.0
1058,10,124.3,66334,128.0
1059,10,124.2,66354,20.0
1060,10,122.9,66365,11.0
1061,10,121.3,66380,15.0
1062,10,120.9,66404,24.0
1063,10,119.3,66420,16.0
1064,10,119.0,66439,19.0
1065,10,118.9,66455,16.0
1066,10,118.9,66588,133.0
1067,10,117.4,66603,15.0
1068,10,116.9,66620,17.0
1069,10,117.7,66736,116.0
1070,10,116.5,66760,24.0
1071,10,116.6,66779,19.0
1072,10,116.6,66802,23.0
1073,10,116.3,66913,111.0
1074,10,116.1,67020,107.0
1075,10,116.1,67039,19.0
1076,10,115.8,67054,15.0
1077,10,114.7,67077,23.0
1078,10,114.0,67091,14.0
1079,10,112.9,67101,10.0
1080,10,112.9,67119,18.0
1081,10,111.4,67132,13.0
1082,10,111.2,67231,99.0
1083,10,109.7,67242,11.0
1084,10,108.5,67256,14.0
1085,10,107.7,67353,97.0
1086,10,108.6,67458,105.0
1087,10,106.7,67469,11.0
1088,10,106.7,67489,20.0
1089,10,105.2,67505,16.0
1090,10,104.1,67600,95.0
1091,10,102.3,67618,18.0
1092,10,102.4,67636,18.0
1093,10,102.4,67651,15.0
1094,10,102.4,67666,15.0
1095,10,101.8,67680,14.0
1096,10,101.8,67698,18.0
1097,10,100.0,67716,18.0
1098,10,98.1,67727,11.0
1099,10,96.6,67743,16.0
1100,10,96.5,67755,12.0
1101,10,94.6,67771,16.0
1102,10,93.6,67870,99.0
1103,10,91.9,67894,24.0
1104,10,90.0,67906,12.0
1105,10,88.1,67920,14.0
1106,10,87.1,68019,99.0
1107,10,85.3,68033,14.0
1108,10,83.5,68053,20.0
1109,10,82.2,68125,72.0
1110,10,80.4,68144,19.0
1111,10,78.6,68164,20.0
1112,10,77.7,68182,18.0
1113,10,75.8,68196,14.0
1114,10,74.0,68210,14.0
1115,10,72.9,68302,92.0
1116,10,72.0,68320,18.0
1117,10,71.6,68339,19.0
1118,10,69.7,68355,16.0
1119,10,67.8,68368,13.0
1120,10,66.7,68450,82.0
1121,10,65.5,68536,86.0
1122,10,65.0,68556,20.0
1123,10,65.1,68641,85.0
1124,10,64.8,68723,82.0
1125,10,63.0,68737,14.0
1126,10,63.5,68823,86.0
1127,10,61.7,68837,14.0
1128,10,59.8,68852,15.0
1129,10,58.7,68940,88.0
1130,10,56.8,68950,10.0
1131,10,55.9,69037,87.0
1132,10,54.1,69049,12.0
1133,10,53.4,69074,25.0
1134,10,52.3,69164,90.0
1135,10,51.0,69234,70.0
1136,10,49.9,69244,10.0
1137,10,48.1,69263,19.0
1138,10,48.0,69356,93.0
1139,10,47.1,69451,95.0
1140,10,45.4,69483,32.0
1141,10,44.3,69495,12.0
1142,10,44.3,69514,19.0
1143,10,43.7,69591,77.0
1144,10,42.5,69602,11.0
1145,10,40.7,69617,15.0
1146,10,40.7,69630,13.0
1147,10,40.6,69640,10.0
1148,10,40.7,69653,13.0
1149,10,41.3,69733,80.0
1150,10,39.5,69755,22.0
1151,10,40.0,69827,72.0
1152,10,38.1,69837,10.0
1153,10,38.1,69853,16.0
1154,10,38.1,69867,14.0
1155,10,37.0,69879,12.0
1156,10,37.7,69960,81.0
1157,10,38.2,70026,66.0
1158,10,37.6,70099,73.0
1159,10,38.3,70182,83.0
1160,10,39.0,70264,82.0
1161,10,39.7,70354,90.0
1162,10,39.6,70368,14.0
1163,10,40.4,70465,97.0
1164,10,41.2,70558,93.0
1165,10,41.9,70649,91.0
1166,10,41.6,70746,97.0
1167,10,41.6,70764,18.0
1168,10,42.3,70854,90.0
1169,10,41.3,70866,12.0
1170,10,41.8,70937,71.0
1171,10,42.6,71035,98.0
1172,10,42.5,71050,15.0
1173,10,42.3,71147,97.0
1174,10,42.2,71239,92.0
1175,10,42.9,71333,94.0
1176,10,43.1,71363,30.0
1177,10,43.9,71465,102.0
1178,10,43.9,71484,19.0
1179,10,44.8,71577,93.0
1180,10,45.6,71677,100.0
1181,10,46.4,71771,94.0
1182,10,45.6,71786,15.0
1183,10,46.2,71857,71.0
1184,10,46.9,71946,89.0
1185,10,46.8,72036,90.0
1186,10,45.9,72048,12.0
1187,10,45.9,72059,11.0
1188,10,45.8,72071,12.0
1189,10,45.8,72089,18.0
1190,10,45.1,72106,17.0
1191,10,45.8,72201,95.0
1192,10,46.6,72296,95.0
1193,10,47.3,72379,83.0
1194,10,47.3,72393,14.0
1195,10,47.5,72432,39.0
1196,10,48.3,72526,94.0
1197,10,48.2,72537,11.0
1198,10,48.9,72618,81.0
1199,10,48.8,72628,10.0
1200,10,49.6,72715,87.0
1201,10,50.4,72808,93.0
1202,10,49.5,72821,13.0
1203,10,50.2,72912,91.0
1204,10,51.0,73004,92.0
1205,10,51.8,73100,96.0
1206,10,51.8,73195,95.0
1207,10,52.6,73295,100.0
1208,10,53.4,73393,98.0
1209,10,53.7,73491,98.0
1210,10,54.5,73591,100.0
1211,10,54.4,73607,16.0
1212,10,55.2,73701,94.0
1213,10,56.0,73792,91.0
1214,10,55.9,73804,12.0
1215,10,55.2,73822,18.0
1216,10,56.0,73916,94.0
1217,10,55.9,73929,13.0
1218,10,56.6,74014,85.0
1219,10,57.4,74111,97.0
1220,10,57.6,74205,94.0
1221,10,56.8,74220,15.0
1222,10,57.6,74317,97.0
1223,10,57.7,74410,93.0
1224,10,57.8,74503,93.0
1225,10,58.4,74575,72.0
1226,10,57.7,74589,14.0
1227,10,58.5,74687,98.0
1228,10,59.3,74782,95.0
1229,10,58.6,74801,19.0
1230,10,58.6,74810,9.0
1231,10,58.6,74902,92.0
1232,10,58.6,74914,12.0
1233,10,59.4,75009,95.0
1234,10,59.4,75103,94.0
1235,10,58.9,75123,20.0
1236,10,59.0,75141,18.0
1237,10,58.9,75157,16.0
1238,10,59.0,75251,94.0
1239,10,58.1,75264,13.0
1240,10,58.7,75351,87.0
1241,10,58.7,75364,13.0
1242,10,59.5,75461,97.0
1243,10,59.7,75558,97.0
1244,10,59.8,75580,22.0
1245,10,60.6,75676,96.0
1246,10,60.6,75692,16.0
1247,10,60.6,75705,13.0
1248,10,61.4,75789,84.0
1249,10,61.5,75883,94.0
1250,10,61.4,75894,11.0
1251,10,61.6,75987,93.0
1252,10,61.7,76007,20.0
1253,10,61.6,76018,11.0
1254,10,61.6,76032,14.0
1255,10,61.7,76052,20.0
1256,10,61.9,76148,96.0
1257,10,61.4,76166,18.0
1258,10,61.6,76260,94.0
1259,10,61.8,76360,100.0
1260,10,61.1,76373,13.0
1261,10,60.9,76443,70.0
1262,10,61.7,76535,92.0
1263,10,60.9,76551,16.0
1264,10,60.1,76568,17.0
1265,10,59.4,76588,20.0
1266,10,58.6,76603,15.0
1267,10,59.4,76699,96.0
1268,10,59.4,76798,99.0
1269,10,60.3,76893,95.0
1270,10,60.6,76994,101.0
1271,10,59.8,77012,18.0
1272,10,60.6,77111,99.0
1273,10,59.8,77127,16.0
1274,10,59.8,77219,92.0
1275,10,59.0,77233,14.0
1276,10,59.6,77323,90.0
1277,10,58.7,77338,15.0
1278,10,58.7,77351,13.0
1279,10,57.8,77361,10.0
1280,10,57.8,77457,96.0
1281,10,57.4,77512,55.0
1282,10,57.4,77523,11.0
1283,10,57.6,77616,93.0
1284,10,57.5,77699,83.0
1285,10,57.1,77750,51.0
1286,10,57.4,77786,36.0
1287,10,57.4,77803,17.0
1288,10,58.2,77892,89.0
1289,10,58.2,77909,17.0
1290,10,58.2,77929,20.0
1291,10,57.5,77950,21.0
1292,10,56.7,77968,18.0
1293,10,56.1,77989,21.0
1294,10,56.8,78075,86.0
1295,10,57.4,78168,93.0
1296,10,56.6,78188,20.0
1297,10,57.5,78283,95.0
1298,10,56.9,78311,28.0
1299,10,57.0,78329,18.0
1300,10,57.1,78425,96.0
1301,10,56.4,78448,23.0
1302,10,56.5,78470,22.0
1303,10,55.7,78482,12.0
1304,10,54.9,78497,15.0
1305,10,54.2,78519,22.0
1306,10,54.2,78612,93.0
1307,10,53.3,78623,11.0
1308,10,53.2,78715,92.0
1309,10,52.4,78728,13.0
1310,10,52.4,78827,99.0
1311,10,52.3,78838,11.0
1312,10,51.5,78851,13.0
1313,10,51.5,78946,95.0
1314,10,52.1,79013,67.0
1315,10,52.1,79031,18.0
1316,10,51.3,79050,19.0
1317,10,51.4,79068,18.0
1318,10,50.7,79085,17.0
1319,10,50.0,79106,21.0
1320,10,49.1,79119,13.0
1321,10,49.1,79133,14.0
1322,10,49.1,79227,94.0
1323,10,48.3,79244,17.0
1324,10,47.6,79258,14.0
1325,10,46.9,79269,11.0
1326,10,47.0,79286,17.0
1327,10,46.1,79298,12.0
1328,10,45.7,79353,55.0
1329,10,45.7,79367,14.0
1330,10,45.8,79385,18.0
1331,10,45.0,79407,22.0
1332,10,45.1,79424,17.0
1333,10,44.3,79443,19.0
1334,10,44.1,79512,69.0
1335,10,44.1,79530,18.0
1336,10,44.0,79542,12.0
1337,10,44.0,79553,11.0
1338,10,43.4,79591,38.0
1339,10,43.4,79609,18.0
1340,10,42.7,79624,15.0
1341,10,42.7,79636,12.0
1342,10,42.0,79656,20.0
1343,10,41.1,79667,11.0
1344,10,41.0,79681,14.0
1345,10,40.6,79735,54.0
1346,10,40.6,79751,16.0
1347,10,40.6,79769,18.0
1348,10,39.9,79782,13.0
1349,10,39.2,79800,18.0
1350,10,39.2,79815,15.0
1351,10,39.1,79895,80.0
1352,10,39.1,79913,18.0
1353,10,39.1,79930,17.0
1354,10,39.1,79944,14.0
1355,10,39.1,79961,17.0
1356,10,38.2,79973,12.0
1357,10,38.2,79985,12.0
1358,10,37.5,80010,25.0
1359,10,36.6,80025,15.0
1360,10,36.9,80061,36.0
1361,10,36.4,80081,20.0
1362,10,35.6,80092,11.0
1363,10,35.6,80110,18.0
1364,10,35.6,80126,16.0
1365,10,35.5,80137,11.0
1366,10,35.4,80147,10.0
1367,10,34.6,80163,16.0
1368,10,33.8,80180,17.0
1369,10,33.6,80251,71.0
1370,10,32.8,80271,20.0
1371,10,32.8,80287,16.0
1372,10,31.9,80305,18.0
1373,10,31.9,80321,16.0
1374,10,31.4,80360,39.0
1375,10,31.4,80372,12.0
1376,10,31.4,80459,87.0
1377,10,31.4,80478,19.0
1378,10,31.4,80496,18.0
1379,10,31.5,80508,12.0
1380,10,30.7,80526,18.0
1381,10,30.3,80538,12.0
1382,10,31.1,80637,99.0
1383,10,30.7,80685,48.0
1384,10,30.2,80722,37.0
1385,10,29.9,80742,20.0
1386,10,29.7,80755,13.0
1387,10,29.7,80769,14.0
1388,10,29.7,80862,93.0
1389,10,30.5,80957,95.0
1390,10,30.4,80973,16.0
1391,10,30.8,81025,52.0
1392,10,30.7,81036,11.0
1393,10,30.6,81053,17.0
1394,10,30.0,81076,23.0
1395,10,29.6,81127,51.0
1396,10,29.6,81143,16.0
1397,10,28.8,81162,19.0
1398,10,28.7,81185,23.0
1399,10,28.9,81222,37.0
1400,10,28.1,81239,17.0
1401,10,28.1,81262,23.0
1402,10,28.1,81280,18.0
1403,10,28.2,81297,17.0
1404,10,28.4,81340,43.0
1405,10,28.7,81389,49.0
1406,10,27.9,81406,17.0
1407,10,28.8,81500,94.0
1408,10,28.8,81593,93.0
1409,10,28.8,81613,20.0
1410,10,28.3,81660,47.0
1411,10,28.4,81681,21.0
1412,10,28.5,81704,23.0
1413,10,27.7,81716,12.0
1414,10,27.1,81727,11.0
1415,10,27.1,81742,15.0
1416,10,27.2,81765,23.0
1417,10,27.1,81775,10.0
1418,10,27.1,81793,18.0
1419,10,27.1,81814,21.0
1420,10,27.2,81843,29.0
1421,10,27.2,81857,14.0
1422,10,26.4,81872,15.0
1423,10,27.2,81965,93.0
1424,10,27.3,81990,25.0
1425,10,27.8,82053,63.0
1426,10,28.7,82154,101.0
1427,10,28.8,82177,23.0
1428,10,29.3,82280,103.0
1429,10,30.2,82382,102.0
1430,10,31.0,82488,106.0
1431,10,31.0,82502,14.0
1432,10,31.8,82602,100.0
1433,10,31.7,82615,13.0
1434,10,31.3,82638,23.0
1435,10,31.5,82684,46.0
1436,10,32.1,82755,71.0
1437,10,33.0,82849,94.0
1438,10,32.8,82868,19.0
1439,10,32.7,82878,10.0
1440,10,33.5,82978,100.0
1441,10,34.4,83077,99.0
1442,10,35.1,83170,93.0
1443,10,35.2,83184,14.0
1444,10,36.0,83286,102.0
1445,10,36.4,83380,94.0
1446,10,37.1,83461,81.0
1447,10,38.0,83567,106.0
1448,10,38.1,83589,22.0
1449,10,38.8,83684,95.0
1450,10,38.8,83695,11.0
1451,10,38.2,83711,16.0
1452,10,39.3,83840,129.0
1453,10,39.3,83859,19.0
1454,10,39.4,83884,25.0
1455,10,39.4,83899,15.0
1456,10,39.4,83915,16.0
1457,10,39.5,83933,18.0
1458,10,40.4,84051,118.0
1459,10,40.4,84068,17.0
1460,10,41.1,84170,102.0
1461,10,41.0,84180,10.0
1462,10,42.1,84298,118.0
1463,10,42.6,84374,76.0
1464,10,43.7,84493,119.0
1465,10,44.8,84622,129.0
1466,10,46.8,84822,200.0
1467,10,47.9,84956,134.0
1468,10,48.7,85051,95.0
1469,10,48.2,85071,20.0
1470,10,49.1,85178,107.0
1471,10,50.1,85294,116.0
1472,10,50.1,85313,19.0
1473,10,50.2,85338,25.0
1474,10,50.8,85440,102.0
1475,10,51.6,85528,88.0
1476,10,51.7,85627,99.0
1477,10,52.6,85741,114.0
1478,10,52.6,85758,17.0
1479,10,53.6,85868,110.0
1480,10,54.0,85926,58.0
1481,10,54.0,85941,15.0
1482,10,53.2,85957,16.0
1483,10,54.0,86087,130.0
1484,10,54.8,86202,115.0
1485,10,56.0,86340,138.0
1486,10,57.2,86478,138.0
1487,10,58.5,86619,141.0
1488,10,58.7,86729,110.0
1489,10,57.9,86750,21.0
1490,10,59.0,86869,119.0
1491,10,58.6,86882,13.0
1492,10,59.7,87005,123.0
1493,10,60.6,87111,106.0
1494,10,61.4,87212,101.0
1495,10,61.7,87296,84.0
1496,10,62.1,87350,54.0
1497,10,62.0,87361,11.0
1498,10,61.9,87372,11.0
1499,10,61.8,87398,26.0
1500,10,61.8,87414,16.0
1501,10,62.0,87457,43.0
1502,10,62.6,87539,82.0
1503,10,63.1,87607,68.0
1504,10,62.8,87621,14.0
1505,10,62.5,87635,14.0
1506,10,63.3,87734,99.0
1507,10,62.4,87744,10.0
1508,10,62.4,87830,86.0
1509,10,62.3,87845,15.0
1510,10,62.0,87856,11.0
1511,10,61.9,87870,14.0
1512,10,61.8,87889,19.0
1513,10,61.8,87901,12.0
1514,10,62.7,87998,97.0
1515,10,63.7,88108,110.0
1516,10,64.4,88209,101.0
1517,10,65.0,88274,65.0
1518,10,65.9,88380,106.0
1519,10,66.8,88490,110.0
1520,10,66.6,88505,15.0
1521,10,67.4,88597,92.0
1522,10,68.3,88702,105.0
1523,10,68.4,88807,105.0
1524,10,68.3,88817,10.0
1525,10,67.8,88832,15.0
1526,10,67.9,88941,109.0
1527,10,67.8,88960,19.0
1528,10,67.8,89056,96.0
1529,10,66.9,89075,19.0
1530,10,66.6,89143,68.0
1531,10,67.4,89245,102.0
1532,10,67.4,89337,92.0
1533,10,67.6,89370,33.0
1534,10,67.9,89429,59.0
1535,10,67.6,89447,18.0
1536,10,67.8,89536,89.0
1537,10,67.3,89581,45.0
1538,10,68.1,89678,97.0
1539,10,69.0,89773,95.0
1540,10,68.1,89787,14.0
1541,10,68.0,89876,89.0
1542,10,67.2,89894,18.0
1543,10,68.0,89980,86.0
1544,10,67.9,90079,99.0
1545,10,67.9,90166,87.0
1546,10,67.6,90217,51.0
1547,10,66.7,90239,22.0
1548,10,66.7,90258,19.0
1549,10,66.0,90284,26.0
1550,10,66.0,90297,13.0
1551,10,66.8,90392,95.0
1552,10,65.7,90413,21.0
1553,10,65.8,90440,27.0
1554,10,65.7,90458,18.0
1555,10,66.6,90560,102.0
1556,10,67.5,90666,106.0
1557,10,67.6,90689,23.0
1558,10,67.7,90817,128.0
1559,10,68.6,90928,111.0
1560,10,69.6,91128,200.0
1561,10,69.7,91153,25.0
1562,10,68.7,91172,19.0
1563,10,68.2,91192,20.0
1564,10,68.1,91306,114.0
1565,10,67.1,91330,24.0
1566,10,66.2,91440,110.0
1567,10,66.2,91579,139.0
1568,10,67.3,91779,200.0
1569,10,67.2,91796,17.0
1570,10,66.4,91822,26.0
1571,10,66.7,91963,141.0
1572,10,66.6,91974,11.0
1573,10,66.7,92009,35.0
1574,10,67.7,92209,200.0
1575,10,68.2,92344,135.0
1576,10,68.5,92478,134.0
1577,10,67.5,92487,9.0
1578,10,68.8,92642,155.0
1579,10,69.2,92785,143.0
1580,10,70.2,92950,165.0
1581,10,70.2,92965,15.0
1582,10,70.8,93032,67.0
1583,10,69.7,93058,26.0
1584,10,69.1,93111,53.0
1585,10,67.9,93130,19.0
1586,10,66.7,93146,16.0
1587,10,65.4,93159,13.0
1588,10,65.2,93246,87.0
1589,10,65.3,93278,32.0
1590,10,64.2,93292,14.0
1591,10,64.3,93312,20.0
1592,10,63.3,93338,26.0
1593,10,62.5,93360,22.0
1594,10,61.6,93376,16.0
1595,10,61.2,93415,39.0
1596,10,60.8,93427,12.0
1597,10,60.8,93438,11.0
1598,10,60.9,93463,25.0
1599,10,61.0,93496,33.0
1600,10,61.1,93522,26.0
1601,10,60.8,93535,13.0
1602,10,60.4,93584,49.0
1603,10,59.9,93597,13.0
1604,10,59.9,93612,15.0
1605,10,60.0,93633,21.0
1606,10,59.1,93644,11.0
1607,10,59.8,93726,82.0
1608,10,59.2,93746,20.0
1609,10,59.3,93772,26.0
1610,10,59.4,93796,24.0
1611,10,59.5,93817,21.0
1612,10,59.5,93838,21.0
1613,10,59.6,93860,22.0
1614,10,58.7,93871,11.0
1615,10,57.8,93884,13.0
1616,10,56.9,93897,13.0
1617,10,56.3,93907,10.0
1618,10,56.2,93999,92.0
1619,10,55.3,94019,20.0
1620,10,55.3,94039,20.0
1621,10,54.5,94050,11.0
1622,10,53.7,94071,21.0
1623,10,52.8,94087,16.0
1624,10,52.9,94104,17.0
1625,10,52.9,94121,17.0
1626,10,51.9,94134,13.0
1627,10,51.8,94145,11.0
1628,10,51.0,94155,10.0
1629,10,51.7,94245,90.0
1630,10,51.2,94268,23.0
1631,10,50.4,94286,18.0
1632,10,49.7,94307,21.0
1633,10,50.1,94379,72.0
1634,10,49.7,94400,21.0
1635,10,50.1,94459,59.0
1636,10,49.4,94471,12.0
1637,10,49.7,94553,82.0
1638,10,49.4,94614,61.0
1639,10,49.2,94688,74.0
1640,10,49.1,94699,11.0
1641,10,49.1,94790,91.0
1642,10,49.1,94802,12.0
1643,10,48.5,94828,26.0
1644,10,47.6,94843,15.0
1645,10,47.1,94875,32.0
1646,10,47.0,94918,43.0
1647,10,46.9,94930,12.0
1648,10,46.9,94945,15.0
1649,10,47.3,95011,66.0
1650,10,48.0,95101,90.0
1651,10,48.0,95197,96.0
1652,10,48.0,95217,20.0
1653,10,48.7,95306,89.0
1654,10,49.0,95358,52.0
1655,10,48.4,95397,39.0
1656,10,47.8,95450,53.0
1657,10,48.3,95523,73.0
1658,10,47.6,95573,50.0
1659,10,47.4,95673,100.0
1660,10,46.5,95776,103.0
1661,10,46.6,95818,42.0
1662,10,47.4,95910,92.0
1663,10,48.2,96008,98.0
1664,10,48.1,96116,108.0
1665,10,48.0,96128,12.0
1666,10,48.0,96241,113.0
1667,10,47.7,96345,104.0
1668,10,46.7,96449,104.0
1669,10,47.6,96555,106.0
1670,10,47.6,96579,24.0
1671,10,47.2,96688,109.0
1672,10,47.7,96748,60.0
1673,10,48.3,96841,93.0
1674,10,46.5,96857,16.0
1675,10,46.2,96962,105.0
1676,10,46.0,97082,120.0
1677,10,47.1,97195,113.0
1678,10,45.7,97209,14.0
1679,10,45.2,97300,91.0
1680,10,44.4,97395,95.0
1681,10,45.3,97494,99.0
1682,10,45.6,97594,100.0
1683,10,46.2,97674,80.0
1684,10,45.9,97701,27.0
1685,10,45.9,97721,20.0
1686,10,46.5,97797,76.0
1687,10,47.4,97897,100.0
1688,10,46.6,97911,14.0
1689,10,47.4,98017,106.0
1690,10,47.4,98031,14.0
1691,10,47.3,98046,15.0
1692,10,47.4,98074,28.0
1693,10,47.3,98090,16.0
1694,10,47.3,98107,17.0
1695,10,47.2,98135,28.0
1696,10,48.0,98229,94.0
1697,10,48.9,98327,98.0
1698,10,49.6,98421,94.0
1699,10,50.1,98502,81.0
1700,10,50.2,98541,39.0
1701,10,51.1,98645,104.0
1702,10,51.6,98739,94.0
1703,10,52.4,98834,95.0
1704,10,53.1,98926,92.0
1705,10,53.1,98942,16.0
1706,10,53.2,98964,22.0
1707,10,53.3,99060,96.0
1708,10,54.1,99154,94.0
1709,10,54.6,99232,78.0
1710,10,55.4,99334,102.0
1711,10,55.9,99408,74.0
1712,10,56.2,99460,52.0
1713,10,57.0,99560,100.0
1714,10,57.4,99612,52.0
1715,10,58.1,99694,82.0
1716,10,58.3,99723,29.0
1717,10,58.5,99753,30.0
1718,10,58.5,99850,97.0
1719,10,58.7,99885,35.0
1720,10,59.4,99977,92.0
1721,10,59.5,99996,19.0
